id,english_title,japanese_title
1,The Great Wave off Kanagawa,Kanagawa oki nami-ura
2,"Fine Wind, Clear Morning",Gaifū kaisei
3,Thunderstorm Beneath the Summit,Sanka hakuu
4,Under Mannen Bridge at Fukagawa,Fukagawa Mannen-bashi shita
5,"Sundai, Edo",Tōto Sundai
6,The Cushion Pine at Aoyama,Aoyama Enza-no-matsu
7,Senju in Musashi Province,Bushū Senju
8,Inume Pass in Kai Province,Kōshū Inume-tōge
9,Fujimi Field in Owari Province,Bishū Fujimigahara
10,Ejiri in Suruga Province,Sunshū Ejiri
11,A sketch of the Mitsui shop in Suruga in Edo,Kōto Suruga-cho Mitsui-mise ryakuzu
12,Sunset across Ryōgoku Bridge from Ommayagashi,Ommayagashi yori Ryōgoku-bashi yūhi-mi
13,Sazaidō at Gohyakurakan Temple,Gohyakurakan-ji Sazaidō
14,Morning after a snowfall at Koishikawa,Koishikawa yuki no ashita
15,Shimomeguro,Shimomeguro
16,Watermill at Onden,Onden no suisha
17,Enoshima in Sagami Province,Soshū Enoshima
18,"Sketch of Tago Bay, Ejiri along the Tōkaidō",Tōkaidō Ejiri Tago-no-ura ryakuzu
19,Yoshida along the Tōkaidō,Tōkaidō Yoshida
20,Kazusa Province sea route,Kazusa no kairo
21,Nihonbashi in Edo,Edo Nihonbashi
22,Sekiya village on the Sumida River,Sumida-gawa Sekiya-no-sato
23,Noboto Bay,Noboto-ura
24,Hakone Lake in Sagami Province,Sōshū Hakone-kosui
25,Reflection from Misake Pass in Kai Province,Kōshū Misaka suimen
26,Hodogaya along the Tōkaidō,Tōkaidō Hodogaya
27,Tama River in Musashi Province,Bushū Tama-gawa
28,Asakusa Hongan Temple,Tōto Asakusa Hongan-ji
29,Tsukuda Island,Buyō Tsukuda-jima
30,Shichirigahama in Sagami Province,Soshū Shichirigahama
31,Umezawa in Sagami Province,Soshū Umezawa-no-shō
32,Kajikazawa in Kai Province,Kōshū Kajikazawa
33,Mishima Pass in Kai Province,Kōshū Mishima-goe
34,In the mountains of Tōtōmi Province,Tōtōmi san-chū
35,A View of Mount Fuji Across Lake Suwa,Shinshū Suwa-ko
36,Ushibori in Hitachi Province,Jōshū Ushibori